Name,RA,DEC,Gaia DR2 Number,Reference (abundances),Teff,Type,Number of elements,log(Ca/Hx),error log(Ca/Hx),log(Fe/Hx),error log(Fe/Hx),Fragment Core Number Fraction,Differentiation sigma significance,Good fit?,Category,> X elements (no source filter),> X elements,Include?,Fragment Core Number Fraction Lower Error,Fragment Core Number Fraction Upper Error,Parent Core Number Fraction,Core-rich?,Mantle-rich?,Crust-rich?
G166-58,,,Gaia DR2 1281989124439286912,Xu 2019,7390,H,4,-9.33,0.08,-8.22,0.13,N/A,N/A,TRUE,No evidence of differentiation,FALSE,FALSE,FALSE,N/A,N/A,N/A,FALSE,FALSE,FALSE
G241-6,22 23 33.50,68 37 28.09,Gaia DR2 2225982838287401984,Jura 2012,15300,He,8,-7.3,0.2,-6.82,0.14,N/A,N/A,TRUE,No evidence of differentiation,TRUE,TRUE,TRUE,N/A,N/A,N/A,FALSE,FALSE,FALSE
G29-38,23 28 47.22,05 14 50.10,Gaia DR2 2660358032257156736,Xu 2014,11800,H,8,-6.58,0.12,-5.9,0.1,N/A,N/A,TRUE,No evidence of differentiation,TRUE,TRUE,TRUE,N/A,N/A,N/A,FALSE,FALSE,FALSE
GaiaJ0347+1624,,,Gaia DR2 43629828277884160,,21800,H,3,-5.69278523,0.2,0,0,,,,,FALSE,FALSE,FALSE,,,,FALSE,FALSE,FALSE
GaiaJ0510+2315,,,Gaia DR2 3415788525598117248,Laura ,21700,H,4,-6.3148,0.1,0,0,,,,,FALSE,FALSE,FALSE,,,,FALSE,FALSE,FALSE
GaiaJ0644-0352,,,Gaia DR2 3105360521513256832,Laura,18350,He,7,-6.771397706,0.1,-6.461667739,0.1,,,,,TRUE,FALSE,FALSE,,,,FALSE,FALSE,FALSE
GaiaJ1814-7355,,,Gaia DR2 6417955993895552128,Laura,10190,H,3,-7.22,0.15,-6.06,0.19,,,,,FALSE,FALSE,FALSE,,,,FALSE,FALSE,FALSE
GaiaJ2100+2122,,,Gaia DR2 1837948790953103232,Laura,25565,H,5,-6.227557574,0.2,-4.964138135,0.2,,,,,TRUE,FALSE,FALSE,,,,FALSE,FALSE,FALSE
GALEX1931+0117,19 31 56.86,01 17 43.88,Gaia DR2 4287654959563143168,Gaensicke 2012,21457,H,7,0,0,-4.5,0.3,N/A,N/A,TRUE,No evidence of differentiation,TRUE,TRUE,TRUE,N/A,N/A,N/A,FALSE,FALSE,FALSE
GALEX1931+0117,19 31 56.86,01 17 43.88,Gaia DR2 4287654959563143168,Melis 2011,21457,H,6,-5.83,0.1,-4.1,0.1,0.3141433127,4.947116512,FALSE,N/A,TRUE,TRUE,FALSE,0.02881379708,0.03431564445,0.1435292977,TRUE,FALSE,FALSE
GALEX1931+0117,19 31 56.86,01 17 43.88,Gaia DR2 4287654959563143168,"Vennes 2011b, as given in Gaensicke 2012",21457,H,5,-6.11,0.05,-4.43,0.09,0.1586603187,2.713839793,TRUE,N/A,TRUE,TRUE,FALSE,0.03078951766,0.03932734838,0.01363580175,TRUE,FALSE,FALSE
GALEXJ2339,,,Gaia DR2 2446993162322393088,Klein 2021,13735,He,7,-8.03,0.75,-6.99,0.3,N/A,N/A,TRUE,No evidence of differentiation,TRUE,TRUE,TRUE,N/A,N/A,N/A,FALSE,FALSE,FALSE
GD362,17 31 34.35,37 05 17.35,Gaia DR2 1336442472164656000,Zuckerman 2007,10057,He,9,-6.24,0.1,-5.65,0.1,N/A,N/A,TRUE,No evidence of differentiation,TRUE,TRUE,TRUE,N/A,N/A,N/A,FALSE,FALSE,FALSE
GD378,,,Gaia DR2 2109852523240471936,Klein 2021,15620,He,8,-8.7,0.76,-7.51,0.36,N/A,N/A,TRUE,No evidence of differentiation,TRUE,TRUE,TRUE,N/A,N/A,N/A,FALSE,FALSE,FALSE
GD40,03 02 53.01,-01 08 34.35,Gaia DR2 5187830356195791488,Jura 2012,13594,He,10,-6.9,0.2,-6.47,0.12,N/A,N/A,TRUE,No evidence of differentiation,TRUE,TRUE,TRUE,N/A,N/A,N/A,FALSE,FALSE,FALSE
GD424,,,Gaia DR2 547179765520150912,Izquierdo 2020,16560,He,9,-6.15,0.05,-5.53,0.12,N/A,N/A,TRUE,No evidence of differentiation,TRUE,TRUE,TRUE,N/A,N/A,N/A,FALSE,FALSE,FALSE
GD56,,,Gaia DR2 3251748915515143296,Xu 2019,15270,H,4,-6.86,0.2,-5.44,0.2,N/A,N/A,TRUE,No evidence of differentiation,FALSE,FALSE,FALSE,N/A,N/A,N/A,FALSE,FALSE,FALSE
GD61,04 38 39.38,41 09 30.65,Gaia DR2 203931163247581184,Farihi 2013,17280,He,5,-7.9,0.0634,-7.6,0.0667,0.0270891866,1.26891569,TRUE,Favours high pressure mantle-rich,TRUE,TRUE,TRUE,0.01113195161,0.01106383256,0.1557411603,FALSE,TRUE,FALSE
HE0106-3253,,,Gaia DR2 5026963661794939520,Xu 2019,17350,H,4,-5.93,0.11,-4.7,0.06,0.5986617222,9.221379241,TRUE,Pressure degenerate,FALSE,FALSE,FALSE,0.05630103617,0.05670014854,0.04430694879,TRUE,FALSE,FALSE
HS2253+8023,22 54 35.58,80 39 53.44,Gaia DR2 2286107295188538240,Klein 2011,14400,He,8,-6.99,0.114,-6.17,0.173,N/A,N/A,TRUE,No evidence of differentiation,TRUE,TRUE,TRUE,N/A,N/A,N/A,FALSE,FALSE,FALSE
LHS2534,,,Gaia DR2 3694399755554510720,Hollands 2021,4780,He,5,-10.08,0.11,-9.06,0.08,0.5175399188,4.274750412,TRUE,Solution unphysical,TRUE,TRUE,FALSE,0.1242133521,0.1405027879,6.09E-10,TRUE,FALSE,FALSE
NLTT43806,16 54 45.71,38 29 31.56,Gaia DR2 1351956512512484480,Zuckerman 2011,5838,H,9,-7.9,0.19,-7.8,0.17,0.02890749347,2.821888991,TRUE,"High pressure mantle, but also previously explained as crust-rich",TRUE,TRUE,FALSE,0.01072158995,0.01342811187,0.1700079212,FALSE,TRUE,FALSE
PG0010+280,,,Gaia DR2 2859951106737135488,Xu 2019,27220,H,2,0,0,0,0,,,,,FALSE,FALSE,FALSE,,,,FALSE,FALSE,FALSE
PG0843+516,08 47 02.27,51 28 51.88,Gaia DR2 1029081452683108480,Gaensicke 2012,22412,H,8,0,0,-4.6,0.2,0.6438695118,4.621456679,FALSE,N/A,TRUE,TRUE,FALSE,0.09408014264,0.08367499336,0.1736237412,TRUE,FALSE,FALSE
PG0843+516,08 47 02.27,51 28 51.88,Gaia DR2 1029081452683108480,Xu 2019,22412,H,4,-6.26,0.2,-3.84,0.18,0.7501495129,5.63993387,TRUE,Pressure degenerate,FALSE,FALSE,FALSE,0.1041535316,0.07957238617,0.1272316616,TRUE,FALSE,FALSE
PG1015+161,,,Gaia DR2 3888723386196630784,Gaensicke 2012,19226,H,5,-6.45,0.2,-5.5,0.3,0.3449555064,1.42505518,FALSE,N/A,TRUE,TRUE,FALSE,0.1198417519,0.1338852372,0.07254507792,TRUE,FALSE,FALSE
PG1015+161,,,Gaia DR2 3888723386196630784,Xu 2019,19226,H,4,-6.4,0.2,-4.92,0.2,0.5911047837,3.27092617,TRUE,Pressure degenerate,FALSE,FALSE,FALSE,0.1264122022,0.1142068394,0.1038414058,TRUE,FALSE,FALSE
PG1018+411,,,Gaia DR2 804169064957527552,Xu 2019,24440,H,2,<-5,0,<-4.3,0,,,,,FALSE,FALSE,FALSE,,,,FALSE,FALSE,FALSE
PG1225-079,12 27 47.23,-08 14 38.60,Gaia DR2 3583181371265430656,Klein 2011 and Xu 2013,10800,He,8,-8.06,0.03,-7.42,0.07,N/A,N/A,TRUE,No evidence of differentiation,TRUE,TRUE,TRUE,N/A,N/A,N/A,FALSE,FALSE,FALSE
PG1457-086,,,Gaia DR2 6332172027974304512,Xu 2019,22240,H,3,-6.23,0.2,<-5,0,,,,,FALSE,FALSE,FALSE,,,,FALSE,FALSE,FALSE
PG1541+651,,,Gaia DR2 1641326979142898048,Xu 2019,11880,H,1,-7.36,0.08,<-6,0,,,,,FALSE,FALSE,FALSE,,,,FALSE,FALSE,FALSE
SDSSJ0002+3209,00 02 15.64,32 09 14.52,Gaia DR2 2873769975034246272,Hollands 2017,6466,He,3,-9.1,0.2,-7.9,0.2,,,,,FALSE,FALSE,FALSE,,,,FALSE,FALSE,FALSE
SDSSJ0004+0819,00 04 18.69,08 19 29.95,n/a (SDSS J000418.68+081929.9),Hollands 2017,5843,He,3,-8.8,0.2,-7.6,0.4,,,,,FALSE,FALSE,FALSE,,,,FALSE,FALSE,FALSE
SDSSJ0006+0520,00 06 14.58,05 20 39.33,Gaia DR2 2742043289409950336,Hollands 2017,5783,He,3,-9.8,0.2,-9.6,0.3,,,,,FALSE,FALSE,FALSE,,,,FALSE,FALSE,FALSE
SDSSJ0006+2858,,,Gaia DR2 2860923998433585664,Laura,23921,H,3,-6.170845533,0.1,<-4.7,0,,,,,FALSE,FALSE,FALSE,,,,FALSE,FALSE,FALSE
SDSSJ0010-0430,00 10 52.58,-04 30 14.50,Gaia DR2 2444911924250219648,Hollands 2017,6903,He,3,-8.5,0.1,-7,0.1,,,,,FALSE,FALSE,FALSE,,,,FALSE,FALSE,FALSE
SDSSJ0013+1109,00 13 09.43,11 09 49.01,n/a (SDSS J001309.43+110949.0),Hollands 2017,6090,He,3,-9.2,0.4,-8,0.5,,,,,FALSE,FALSE,FALSE,,,,FALSE,FALSE,FALSE
SDSSJ0019+2209,00 19 49.27,22 09 26.28,Gaia DR2 2800362726177065984,Hollands 2017,5797,He,4,-9.7,0.2,-8.5,0.2,,,,,FALSE,FALSE,FALSE,,,,FALSE,FALSE,FALSE
SDSSJ0044+0418,00 44 51.67,04 18 18.15,Gaia DR2 2551258990991085184,Hollands 2017,6104,He,3,-9.8,0.1,-8.4,0.2,,,,,FALSE,FALSE,FALSE,,,,FALSE,FALSE,FALSE
SDSSJ0046+2717,00 46 34.22,27 17 37.51,Gaia DR2 2808923867308433152,Hollands 2017,8053,He,3,-7.2,0.2,-6.3,0.3,,,,,FALSE,FALSE,FALSE,,,,FALSE,FALSE,FALSE
SDSSJ0047+1628,00 47 57.07,16 28 36.66,Gaia DR2 2781820562085975936,Hollands 2017,6300,He,4,-8,0.2,-6.7,0.2,,,,,FALSE,FALSE,FALSE,,,,FALSE,FALSE,FALSE
SDSSJ0052+1846,00 52 47.16,18 46 49.51,n/a (SDSS J005247.16+184649.5),Hollands 2017,5305,He,3,-9,0.3,-7.5,0.3,,,,,FALSE,FALSE,FALSE,,,,FALSE,FALSE,FALSE
SDSSJ0053+3115,00 53 04.15,31 15 55.89,Gaia EDR3 312751551330787584,Hollands 2017,6548,He,3,-8.8,0.5,-7.6,0.5,,,,,FALSE,FALSE,FALSE,,,,FALSE,FALSE,FALSE
SDSSJ0056+2453,00 56 49.27,24 53 35.41,n/a (SDSS J005649.27+245335.4),Hollands 2017,5061,He,3,-10.2,0.5,-9.1,0.5,,,,,FALSE,FALSE,FALSE,,,,FALSE,FALSE,FALSE
SDSSJ0108-0537,01 08 25.79,-05 37 55.49,Gaia DR2 2476852079906496384,Hollands 2017,6250,He,3,-8.5,0.3,-7.9,0.3,,,,,FALSE,FALSE,FALSE,,,,FALSE,FALSE,FALSE
SDSSJ0114+3505,01 14 21.19,35 05 47.19,Gaia DR2 320947998199092992,Hollands 2017,6209,He,3,-8.4,0.1,-7.1,0.1,,,,,FALSE,FALSE,FALSE,,,,FALSE,FALSE,FALSE
SDSSJ0116+2050,01 16 46.17,20 50 01.08,Gaia DR2 2787507098786135552,Hollands 2017,6245,He,5,-8.8,0.1,-7.6,0.1,,N/A,,,TRUE,TRUE,TRUE,,,,FALSE,FALSE,FALSE
SDSSJ0117+0021,01 17 59.88,00 21 38.66,Gaia DR2 2534988314843345536,Hollands 2017,6994,He,3,-8.8,0.1,-7.6,0.1,,,,,FALSE,FALSE,FALSE,,,,FALSE,FALSE,FALSE
SDSSJ0126+2534,01 26 20.53,25 34 33.26,Gaia DR2 295286835620380032,Hollands 2017,5588,He,3,-9.5,0.3,-8.3,0.5,,,,,FALSE,FALSE,FALSE,,,,FALSE,FALSE,FALSE
SDSSJ0135+1302,01 35 04.17,13 02 41.85,Gaia DR2 2586182156053386240,Hollands 2017,6013,He,3,-9.2,0.1,-8.1,0.3,,,,,FALSE,FALSE,FALSE,,,,FALSE,FALSE,FALSE
SDSSJ0143+0113,01 43 00.47,01 13 56.09,Gaia DR2 2510420204262205312,Hollands 2017,7229,He,3,-8.2,0.1,-7,0.1,,,,,FALSE,FALSE,FALSE,,,,FALSE,FALSE,FALSE
SDSSJ0144+0305,01 44 41.64,03 05 36.20,n/a (SDSS J014441.64+030536.2),Hollands 2017,6753,He,3,-8.3,0.3,-7.2,0.3,,,,,FALSE,FALSE,FALSE,,,,FALSE,FALSE,FALSE
SDSSJ0144+1920,01 44 15.13,19 20 21.20,Gaia DR2 95450219315349376,Hollands 2017,6024,He,4,-8.7,0.2,-7.6,0.2,,,,,FALSE,FALSE,FALSE,,,,FALSE,FALSE,FALSE
SDSSJ0148-0112,01 48 34.01,-01 12 35.87,Gaia DR2 2506055761575043456,Hollands 2017,6760,He,3,-9,0.2,-7.9,0.5,,,,,FALSE,FALSE,FALSE,,,,FALSE,FALSE,FALSE
SDSSJ0150+1354,01 50 08.65 ,13 54 33.17,Gaia DR2 2576012498130773376,Hollands 2017,6953,He,4,-7.7,0.2,-6.8,0.2,,,,,FALSE,FALSE,FALSE,,,,FALSE,FALSE,FALSE
SDSSJ0158-0942,01 58 49.08,-09 42 25.50,Gaia DR2 2462572103921051648,Hollands 2017,6115,He,3,-9.9,0.2,-8.8,0.5,,,,,FALSE,FALSE,FALSE,,,,FALSE,FALSE,FALSE
SDSSJ0201+2015,02 01 28.67,20 15 21.83,Gaia DR2 94296969056387328,Hollands 2017,6250,He,3,-9,0.2,-8,0.2,,,,,FALSE,FALSE,FALSE,,,,FALSE,FALSE,FALSE
SDSSJ0208-0542,02 08 09.921,-05 42 58.701,Gaia DR2 2491075877719467520,Hollands 2017,6085,He,3,-8.2,0.3,-7.1,0.3,,,,,FALSE,FALSE,FALSE,,,,FALSE,FALSE,FALSE
SDSSJ0234-0510,02 34 07.471,-05 10 28.332,Gaia DR2 2488960692225378432,Hollands 2017,6601,He,3,-8.5,0.2,-7.3,0.2,,,,,FALSE,FALSE,FALSE,,,,FALSE,FALSE,FALSE
SDSSJ0252-0401,02 52 06.09,-04 01 30.32,Gaia DR2 5185475919548087808,Hollands 2017,6773,He,4,-8.9,0.1,-8,0.2,,,,,FALSE,FALSE,FALSE,,,,FALSE,FALSE,FALSE
SDSSJ0252+0054,02 52 53.25,00 54 39.11,Gaia DR2 2499087366116251392,Hollands 2017,7478,He,4,-8.5,0.2,-7.2,0.2,,,,,FALSE,FALSE,FALSE,,,,FALSE,FALSE,FALSE
SDSSJ0447+1124,04 47 51.20,11 24 03.60,Gaia DR2 3295565239861125888,Hollands 2017,6966,He,3,-9,0.3,-7.7,0.3,,,,,FALSE,FALSE,FALSE,,,,FALSE,FALSE,FALSE
SDSSJ0512-0505,05 12 12.72,-05 05 04.14,Gaia DR2 3211784863301909504,"Harrison 2021, although Si not previously included",5560,He,5,-8.9,0.1,-7.75,0.1,0.54359259,2.083437402,TRUE,Pressure degenerate,TRUE,TRUE,TRUE,0.2099437659,0.1696474208,0.1021990765,TRUE,FALSE,FALSE
SDSSJ0721+3928,07 21 44.21,39 28 43.06,Gaia DR2 900110211917126400,Hollands 2017,6022,He,3,-9.3,0.2,-8.4,0.2,,,,,FALSE,FALSE,FALSE,,,,FALSE,FALSE,FALSE
SDSSJ0736+4118,07 36 35.23,41 18 26.85,Gaia DR2 924478859922238720,Hollands 2017,5010,He,5,-8.5,0.3,-7.3,0.3,,1.51,,John: Core-rich,TRUE,TRUE,TRUE,,,,TRUE,FALSE,FALSE
SDSSJ0738+1835,,,Gaia DR2 671450448046315520,Dufour 2012,13950,He,10,-6.23,0.15,-4.98,0.09,0.4405268405,2.895652757,TRUE,Pressure unconstrained (bimodal),TRUE,TRUE,TRUE,0.07165910814,0.070500765,0.1480685487,TRUE,FALSE,FALSE
SDSSJ0739+3112,07 39 53.46,31 12 04.26,n/a (SDSS J073953.45+311204.2),Hollands 2017,5221,He,3,-9.2,0.4,-8,0.5,,,,,FALSE,FALSE,FALSE,,,,FALSE,FALSE,FALSE
SDSSJ0741+3146,07 41 53.49,31 46 20.56,Gaia DR2 880328657704678016,Hollands 2017,5974,He,5,-9,0.2,-7.5,0.2,,2.87,,John: Core-rich,TRUE,TRUE,TRUE,,,,TRUE,FALSE,FALSE
SDSSJ0744+1640,07 44 56.23,16 40 40.86,Gaia DR2 667952729758500224,Hollands 2017,4703,He,3,-10.3,0.3,-9.1,0.5,,,,,FALSE,FALSE,FALSE,,,,FALSE,FALSE,FALSE
SDSSJ0744+2701,07 44 50.26,27 01 32.28,Gaia DR2 875121993405936640,Hollands 2017,7829,He,3,-7.8,0.2,-7,0.2,,,,,FALSE,FALSE,FALSE,,,,FALSE,FALSE,FALSE
SDSSJ0744+4408,07 44 44.04,44 08 45.69,Gaia DR2 926659328919618432,Hollands 2017,6612,He,3,-8.6,0.2,-7.5,0.2,,,,,FALSE,FALSE,FALSE,,,,FALSE,FALSE,FALSE
SDSSJ0744+4649,07 44 14.71,46 49 11.85,Gaia DR2 927618687178189056,Hollands 2017,4861,He,5,-8.3,0.1,-7.6,0.2,,4.49,,John: Crust-rich,TRUE,TRUE,TRUE,,,,FALSE,FALSE,TRUE
SDSSJ0758+1013,07 58 53.4285,10 13 47.2121,Gaia DR2 3147371963160425984,Hollands 2017,5585,He,4,-8.5,0.2,-7.1,0.2,,,,,FALSE,FALSE,FALSE,,,,FALSE,FALSE,FALSE
SDSSJ0800+2242,08 00 03.92,22 42 10.05,Gaia DR2 674322750375093376,Hollands 2017,6049,He,3,-9.9,0.3,-8.7,0.5,,,,,FALSE,FALSE,FALSE,,,,FALSE,FALSE,FALSE
SDSSJ0806+3055,08 06 26.71,30 55 55.20,Gaia DR2 877787445813374592,Hollands 2017,7017,He,4,-7.9,0.3,-7,0.3,,,,,FALSE,FALSE,FALSE,,,,FALSE,FALSE,FALSE
SDSSJ0806+4058,08 06 43.94,40 58 37.03,Gaia DR2 921642532239821440,Hollands 2017,6808,He,6,-8.49,0.07856029641,-7.49,0.07856029641,,,,,TRUE,FALSE,FALSE,,,,FALSE,FALSE,FALSE
SDSSJ0807+4930,08 07 40.54,49 30 58.72,Gaia DR2 934631788948274304,Hollands 2017,5172,He,4,-8.3,0.2,-7.2,0.2,,,,,FALSE,FALSE,FALSE,,,,FALSE,FALSE,FALSE
SDSSJ0816+2330,8 16 06.199,23 30 30.243,Gaia DR2 677472370151753984,Hollands 2017,7642,He,3,-7.6,0.3,-6.5,0.3,,,,,FALSE,FALSE,FALSE,,,,FALSE,FALSE,FALSE
SDSSJ0818+1247,08 18 28.121,12 47 16.973,Gaia DR2 650350854268722560,Hollands 2017,6895,He,3,-9,0.3,-7.8,0.4,,,,,FALSE,FALSE,FALSE,,,,FALSE,FALSE,FALSE
SDSSJ0823+0546,08 23 03.63,05 46 54.83,Gaia DR2 3093722358432322176,"Harrison 2021, although Ti not previously included",5920,He,4,-9.8,0.1,-7.35,0.1,0.9570389747,10.08393513,TRUE,Pressure unconstrained,FALSE,FALSE,FALSE,0.03651321791,0.01959131275,0.1282169301,TRUE,FALSE,FALSE
SDSSJ0830-0319,08 30 33.68,-03 19 11.28,Gaia DR2 3066599197577336960,Hollands 2017,6424,He,3,-9.4,0.1,-8.2,0.1,,,,,FALSE,FALSE,FALSE,,,,FALSE,FALSE,FALSE
SDSSJ0838+2322,08 38 58.59,23 22 52.67,Gaia DR2 666207736086203648,Hollands 2017,6048,He,3,-9.8,0.2,-8.7,0.5,,,,,FALSE,FALSE,FALSE,,,,FALSE,FALSE,FALSE
SDSSJ0842+1406,08 42 23.10,14 06 14.72,Gaia DR2 609236712891803264,Hollands 2017,7075,He,3,-8.4,0.1,-7.4,0.1,,,,,FALSE,FALSE,FALSE,,,,FALSE,FALSE,FALSE
SDSSJ0842+1536,08 42 39.83,15 36 29.05,Gaia DR2 609672433029446784,Hollands 2017,5966,He,3,-9.8,0.4,-8.6,0.2,,,,,FALSE,FALSE,FALSE,,,,FALSE,FALSE,FALSE
SDSSJ0843+5614,08 43 00.21,56 14 52.73,Gaia DR2 1031206323326386432,Hollands 2017,6624,He,4,-8.7,0.2,-7.5,0.2,,,,,FALSE,FALSE,FALSE,,,,FALSE,FALSE,FALSE
SDSSJ0845+2257,08 45 39.17,22 57 27.29,Gaia DR2 689352219629097856,Wilson 2015,19780,He,9,-5.95,0.1,-4.6,0.2,0.3064697591,1.632158021,TRUE,Pressure unconstrained,TRUE,TRUE,TRUE,0.08627903434,0.09794158507,0.1491311449,TRUE,FALSE,FALSE
SDSSJ0851+1543,08 51 00.21,15 43 01.00,Gaia DR2 609898313949732608,Hollands 2017,6284,He,3,-8.6,0.1,-8.2,0.2,,,,,FALSE,FALSE,FALSE,,,,FALSE,FALSE,FALSE
SDSSJ0852+3402,08 52 17.59,34 02 11.54,Gaia DR2 716230640363477760,Hollands 2017,4806,He,3,-10.1,0.3,-8.9,0.5,,,,,FALSE,FALSE,FALSE,,,,FALSE,FALSE,FALSE
SDSSJ0901+0752,09 01 46.83,07 52 06.77,Gaia DR2 584968773279756032,Hollands 2017,7263,He,6,-7.1,0.2,-6.1,0.2,,N/A,,,TRUE,TRUE,TRUE,,,,FALSE,FALSE,FALSE
SDSSJ0902+1004,09 02 44.72,10 04 59.35,Gaia DR2 591517773772424576,Hollands 2017,7250,He,3,-8.25,0.22291404,-8.19,0.22291404,,,,,FALSE,FALSE,FALSE,,,,FALSE,FALSE,FALSE
SDSSJ0906+1141,09 06 52.20,11 41 50.00,Gaia DR2 604162398009822336,Hollands 2017,6556,He,3,-8.5,0.2,-7.3,0.2,,,,,FALSE,FALSE,FALSE,,,,FALSE,FALSE,FALSE
SDSSJ0908+4119,09 08 14.573,41 19 18.260,Gaia DR2 816426278847537792,Hollands 2017,6746,He,3,-8.7,0.3,-7.1,0.3,,,,,FALSE,FALSE,FALSE,,,,FALSE,FALSE,FALSE
SDSSJ0908+5136,09 08 03.30,51 36 32.69,Gaia DR2 1016558973019185664,Hollands 2017,5779,He,3,-10.1,0.3,-9,0.3,,,,,FALSE,FALSE,FALSE,,,,FALSE,FALSE,FALSE
SDSSJ0913+2627,09 13 22.38,26 27 51.40,Gaia DR2 688954024621015040,Hollands 2017,5252,He,3,-9.7,0.3,-8.5,0.4,,,,,FALSE,FALSE,FALSE,,,,FALSE,FALSE,FALSE
SDSSJ0913+4127,09 13 56.02,41 27 28.19,Gaia DR2 816022689360970240,Hollands 2017,6010,He,3,-8.6,0.3,-7.4,0.5,,,,,FALSE,FALSE,FALSE,,,,FALSE,FALSE,FALSE
SDSSJ0916+2540,09 16 21.49,25 40 26.41,Gaia DR2 687914432080614528,Hollands 2017,5497,He,6,-7.5,0.2,-7.2,0.2,,N/A,,,TRUE,TRUE,TRUE,,,,FALSE,FALSE,FALSE
SDSSJ0924+4301,09 24 49.996,43 01 35.966,Gaia DR2 817567709357034368,Hollands 2017,5500,He,3,-10.2,0.4,-9,0.5,,,,,FALSE,FALSE,FALSE,,,,FALSE,FALSE,FALSE
SDSSJ0925+3130,09 25 23.10,31 30 19.63,Gaia DR2 700557819367554432,Hollands 2017,6050,He,3,-8.6,0.2,-7.6,0.2,,,,,FALSE,FALSE,FALSE,,,,FALSE,FALSE,FALSE
SDSSJ0929+4247,09 29 32.51,42 47 57.58,Gaia DR2 814515018401000064,Hollands 2017,6676,He,4,-8.3,0.2,-7.1,0.2,,,,,FALSE,FALSE,FALSE,,,,FALSE,FALSE,FALSE
SDSSJ0933+6334,09 33 19.964,63 34 40.051,Gaia DR2 1064215208580520320,Hollands 2017,6337,He,3,-8.6,0.3,-7,0.3,,,,,FALSE,FALSE,FALSE,,,,FALSE,FALSE,FALSE
SDSSJ0937+5228,09 37 19.04,52 28 02.37,Gaia DR2 1020417502917748096,Hollands 2017,6660,He,3,-8.4,0.1,-7.4,0.2,,,,,FALSE,FALSE,FALSE,,,,FALSE,FALSE,FALSE
SDSSJ0939+4136,09 39 15.98,41 36 12.82,Gaia DR2 813599709331004288,Hollands 2017,6321,He,5,-8.1,0.2,-6.6,0.2,,3.03,,John: Core-rich,TRUE,TRUE,TRUE,,,,TRUE,FALSE,FALSE
SDSSJ0939+5019,09 39 44.58,50 19 16.74,Gaia DR2 826349066346658304,Hollands 2017,6030,He,4,-8.4,0.2,-7,0.2,,,,,FALSE,FALSE,FALSE,,,,FALSE,FALSE,FALSE
SDSSJ0946+2024,09 46 48.94,20 24 23.08,Gaia DR2 639674321484637312,Hollands 2017,7540,He,3,-8,0.2,-6.9,0.2,,,,,FALSE,FALSE,FALSE,,,,FALSE,FALSE,FALSE
SDSSJ0948+3008,09 48 13.69,30 08 50.69,Gaia DR2 744609512219878400,Hollands 2017,6284,He,3,-9.1,0.2,-8.1,0.2,,,,,FALSE,FALSE,FALSE,,,,FALSE,FALSE,FALSE
SDSSJ0956+5912,09 56 44.92,59 12 40.15,Gaia DR2 1049598202217308160,Hollands 2017,8843,He,4,-7.1,0.1,-6.2,0.1,,,,,FALSE,FALSE,FALSE,,,,FALSE,FALSE,FALSE
SDSSJ1005+2244,10 05 37.43,22 44 03.17,n/a (SDSS J100537.43+224403.1),Hollands 2017,6165,He,3,-9.1,0.4,-7.8,0.5,,,,,FALSE,FALSE,FALSE,,,,FALSE,FALSE,FALSE
SDSSJ1006+1752,10 06 09.16,17 52 20.49,Gaia DR2 623291048475264768,Hollands 2017,5605,He,3,-9.5,0.5,-8.3,0.5,,,,,FALSE,FALSE,FALSE,,,,FALSE,FALSE,FALSE
SDSSJ1014+2827,10 14 51.1442,28 27 01.541,Gaia DR2 741196701138028160,Hollands 2017,6269,He,4,-7.9,0.3,-6.5,0.3,,,,,FALSE,FALSE,FALSE,,,,FALSE,FALSE,FALSE
SDSSJ1017+2419,10 17 50.21,24 19 10.88,Gaia DR2 725630326616623872,Hollands 2017,6772,He,4,-8.4,0.2,-7.3,0.2,,,,,FALSE,FALSE,FALSE,,,,FALSE,FALSE,FALSE
SDSSJ1017+3447,10 17 11.46,34 47 09.66,Gaia DR2 752599079099409408,Hollands 2017,6089,He,3,-9.8,0.5,-8.6,0.5,,,,,FALSE,FALSE,FALSE,,,,FALSE,FALSE,FALSE
SDSSJ1019+2045,10 19 59.52,20 45 53.48,Gaia DR2 625669292125492096,Hollands 2017,5515,He,3,-9.4,0.4,-8.2,0.5,,,,,FALSE,FALSE,FALSE,,,,FALSE,FALSE,FALSE
SDSSJ1019+3535,10 19 24.707,35 35 27.909,Gaia DR2 753034794941767296,Hollands 2017,6224,He,3,-8.8,0.4,-7.9,0.4,,,,,FALSE,FALSE,FALSE,,,,FALSE,FALSE,FALSE
SDSSJ1024+1014,10 24 38.01,10 14 10.51,Gaia DR2 3876391740521240832,Hollands 2017,6105,He,5,-7.7,0.3,-6.6,0.3,,N/A,,,TRUE,TRUE,TRUE,,,,FALSE,FALSE,FALSE
SDSSJ1024+4531,10 24 14.81,45 31 09.94,Gaia DR2 833191803946601344,Hollands 2017,6339,He,3,-8.4,0.2,-7.6,0.2,,,,,FALSE,FALSE,FALSE,,,,FALSE,FALSE,FALSE
SDSSJ1032+1338,10 32 05.139,13 38 33.092,Gaia DR2 3884063857785163904,Hollands 2017,5479,He,4,-9.1,0.3,-8.1,0.3,,,,,FALSE,FALSE,FALSE,,,,FALSE,FALSE,FALSE
SDSSJ1033+1809,10 33 52.94,18 09 34.43,Gaia DR2 3890742944243942528,Hollands 2017,6147,He,3,-8.6,0.3,-7.6,0.3,,,,,FALSE,FALSE,FALSE,,,,FALSE,FALSE,FALSE
SDSSJ1038-0036,10 38 09.21,-00 36 22.21,Gaia DR2 3806714593452089856,Hollands 2017,7996,He,4,-7.4,0.1,-6.9,0.1,,,,,FALSE,FALSE,FALSE,,,,FALSE,FALSE,FALSE
SDSSJ1038+0432,10 38 39.00,04 32 23.94,Gaia DR2 3858626690632865664,Hollands 2017,6363,He,3,-7.6,0.3,-7,0.2,,,,,FALSE,FALSE,FALSE,,,,FALSE,FALSE,FALSE
SDSSJ1040+2407,10 40 46.42,24 07 58.00,Gaia DR2 723361209490895744,Hollands 2017,6023,He,6,-8.1,0.2,-7.2,0.2,,N/A,,,TRUE,TRUE,TRUE,,,,FALSE,FALSE,FALSE
SDSSJ1041+3432,10 41 30.67,34 32 40.37,Gaia DR2 750285088159627392,Hollands 2017,7728,He,3,-8,0.2,-6.8,0.2,,,,,FALSE,FALSE,FALSE,,,,FALSE,FALSE,FALSE
SDSSJ1043+0855,,,Gaia DR2 3869060540584643328,Melis 2017,18320,H,8,-5.96,0.2,-6.15,0.3,N/A,N/A,TRUE,No evidence of differentiation,TRUE,TRUE,TRUE,N/A,N/A,N/A,FALSE,FALSE,FALSE
SDSSJ1043+3516,10 43 19.76,35 16 40.20,Gaia DR2 750713313579071232,Hollands 2017,6069,He,5,-9.3,0.1,-7.6,0.1,,5.27,,John: Core-rich,TRUE,TRUE,TRUE,,,,TRUE,FALSE,FALSE
SDSSJ1046+1329,10 46 58.20,13 29 11.12,Gaia DR2 3884925157638345856,Hollands 2017,5177,He,3,-9.3,0.3,-8.2,0.5,,,,,FALSE,FALSE,FALSE,,,,FALSE,FALSE,FALSE
SDSSJ1055+3725,10 55 33.73,37 25 41.64,Gaia DR2 774872607698171392,Hollands 2017,5614,He,4,-8.4,0.3,-8.2,0.5,,,,,FALSE,FALSE,FALSE,,,,FALSE,FALSE,FALSE
SDSSJ1058+3143,10 58 26.63,31 43 57.91,Gaia DR2 736915954478557824,Hollands 2017,7173,He,3,-9,0.1,-7.7,0.2,,,,,FALSE,FALSE,FALSE,,,,FALSE,FALSE,FALSE
SDSSJ1102+0214,11 02 34.13,02 14 59.54,Gaia DR2 3808536101967194368,Hollands 2017,5699,He,3,-9.8,0.1,-8.6,0.4,,,,,FALSE,FALSE,FALSE,,,,FALSE,FALSE,FALSE
SDSSJ1102+2827,11 02 16.10,28 27 30.73,n/a (SDSS J110216.09+282730.7),Hollands 2017,6320,He,4,-7.8,0.4,-6.7,0.4,,,,,FALSE,FALSE,FALSE,,,,FALSE,FALSE,FALSE
SDSSJ1103+4144,11 03 04.11,41 44 34.55,Gaia DR2 778183305928430592,Hollands 2017,5728,He,4,-9.4,0.1,-8.3,0.2,,,,,FALSE,FALSE,FALSE,,,,FALSE,FALSE,FALSE
SDSSJ1105+0228,11 05 56.21,02 28 48.45,Gaia DR2 3811540105173291264,Hollands 2017,5842,He,3,-9.1,0.4,-8,0.4,,,,,FALSE,FALSE,FALSE,,,,FALSE,FALSE,FALSE
SDSSJ1112+0700,11 12 15.07,07 00 51.62,Gaia DR2 3818095805815429760,Hollands 2017,6891,He,3,-9.7,0.2,-8.5,0.5,,,,,FALSE,FALSE,FALSE,,,,FALSE,FALSE,FALSE
SDSSJ1132+3323,11 32 09.5914,33 23 52.897,Gaia DR2 4025545097035292672,Hollands 2017,6062,He,3,-8.3,0.2,-7.1,0.2,,,,,FALSE,FALSE,FALSE,,,,FALSE,FALSE,FALSE
SDSSJ1134+1542,11 34 10.86,15 42 45.92,n/a (SDSS J113410.85+154245.9),Hollands 2017,6806,He,3,-8.5,0.1,-7.3,0.4,,,,,FALSE,FALSE,FALSE,,,,FALSE,FALSE,FALSE
SDSSJ1144+1218,11 44 42.04,12 18 28.51,Gaia DR2 3916712206301454720,Hollands 2017,5320,He,4,-9.3,0.1,-8.3,0.2,,,,,FALSE,FALSE,FALSE,,,,FALSE,FALSE,FALSE
SDSSJ1144+3720,11 44 08.04,37 20 07.98,Gaia DR2 4032793627440382592,Hollands 2017,7280,He,3,-8.5,0.2,-7.6,0.4,,,,,FALSE,FALSE,FALSE,,,,FALSE,FALSE,FALSE
SDSSJ1147+5429,11 47 08.983,54 29 40.21,Gaia DR2 840867327117204352,Hollands 2017,5000,He,3,-9.5,0.5,-8.3,0.5,,,,,FALSE,FALSE,FALSE,,,,FALSE,FALSE,FALSE
SDSSJ1149+0519,11 49 44.93,05 19 48.27,Gaia DR2 3897357571836998784,Hollands 2017,7173,He,3,-8.2,0.1,-7.5,0.2,,,,,FALSE,FALSE,FALSE,,,,FALSE,FALSE,FALSE
SDSSJ1150+4928,11 50 15.75,49 28 42.74,Gaia DR2 787888523268272000,Hollands 2017,7417,He,3,-9.1,0.3,-7.9,0.5,,,,,FALSE,FALSE,FALSE,,,,FALSE,FALSE,FALSE
SDSSJ1152+5101,11 52 07.14,51 01 25.82,Gaia DR2 791078687536945792,Hollands 2017,4790,He,3,-10.4,0.3,-9.2,0.5,,,,,FALSE,FALSE,FALSE,,,,FALSE,FALSE,FALSE
SDSSJ1157+6138,11 57 48.35,61 38 45.96,n/a (SDSS J115748.35+613845.9),Hollands 2017,6607,He,3,-9.3,0.3,-8.2,0.5,,,,,FALSE,FALSE,FALSE,,,,FALSE,FALSE,FALSE
SDSSJ1158+0454,11 58 18.74,04 54 47.48,Gaia DR2 3896383782491848192,Hollands 2017,5344,He,4,-8.5,0.2,-7.5,0.3,,,,,FALSE,FALSE,FALSE,,,,FALSE,FALSE,FALSE
SDSSJ1158+1845,11 58 09.34,18 45 57.02,Gaia DR2 3927086888783407616,Hollands 2017,6696,He,3,-8.6,0.2,-7.4,0.2,,,,,FALSE,FALSE,FALSE,,,,FALSE,FALSE,FALSE
SDSSJ1158+4712,11 58 22.26,47 12 14.90,Gaia DR2 774517602881392256,Hollands 2017,7840,He,3,-8.3,0.1,-6.9,0.2,,,,,FALSE,FALSE,FALSE,,,,FALSE,FALSE,FALSE
SDSSJ1158+5448,11 58 44.36,54 48 37.31,Gaia DR2 840757612177397888,Hollands 2017,6213,He,3,-9,0.3,-7.8,0.4,,,,,FALSE,FALSE,FALSE,,,,FALSE,FALSE,FALSE
SDSSJ1158+5942,11 58 09.91,59 42 09.83,Gaia DR2 846585951516974976,Hollands 2017,6046,He,3,-8.9,0.3,-8.4,0.3,,,,,FALSE,FALSE,FALSE,,,,FALSE,FALSE,FALSE
SDSSJ1205+3536,12 05 48.92,35 36 42.56,Gaia DR2 4029735271423173248,Hollands 2017,6000,He,4,-8.9,0.1,-7.6,0.1,,,,,FALSE,FALSE,FALSE,,,,FALSE,FALSE,FALSE
SDSSJ1211+2326,12 11 06.35,23 26 23.31,Gaia DR2 4001872474248647936,Hollands 2017,6609,He,4,-8.3,0.2,-6.9,0.2,,,,,FALSE,FALSE,FALSE,,,,FALSE,FALSE,FALSE
SDSSJ1217+1157,12 17 31.35,11 57 15.81,Gaia DR2 3908228546380210432,Hollands 2017,6012,He,3,-9.6,0.2,-8.7,0.3,,,,,FALSE,FALSE,FALSE,,,,FALSE,FALSE,FALSE
SDSSJ1218+0023,12 18 37.06,00 23 04.17,Gaia DR2 3698477839885075200,Hollands 2017,6500,He,3,-9.2,0.2,-8.5,0.3,,,,,FALSE,FALSE,FALSE,,,,FALSE,FALSE,FALSE
SDSSJ1220+0929,12 20 35.76,09 29 48.19,Gaia EDR3 3905377925045776384,Hollands 2017,6677,He,4,-8.4,0.1,-7.4,0.1,,,,,FALSE,FALSE,FALSE,,,,FALSE,FALSE,FALSE
SDSSJ1224+2838,12 24 37.12,28 38 52.41,Gaia DR2 4010119017615780608,Hollands 2017,4991,He,3,-10.2,0.1,-9.1,0.5,,,,,FALSE,FALSE,FALSE,,,,FALSE,FALSE,FALSE
SDSSJ1226+2936,12 26 56.25,29 36 43.76,Gaia DR2 4011709259321463808,Hollands 2017,4680,He,3,-10.04,0.3288454684,-8.93,0.3288454684,,,,,FALSE,FALSE,FALSE,,,,FALSE,FALSE,FALSE
SDSSJ1228+1040,12 28 59.88,10 40 32.66,Gaia DR2 3904415787947492096,Gaensicke 2012,20900,H,7,-5.94,0.2,-5.2,0.3,N/A,N/A,TRUE,No evidence of differentiation,TRUE,TRUE,TRUE,N/A,N/A,N/A,FALSE,FALSE,FALSE
SDSSJ1228+1040,12 28 59.88,10 40 32.66,Gaia DR2 3904415787947492096,Gaensicke 2012,20900,H,7,-5.94,0.2,-5.2,0.3,N/A,N/A,TRUE,N/A,TRUE,TRUE,FALSE,N/A,N/A,N/A,FALSE,FALSE,FALSE
SDSSJ1229+0743,12 29 43.94,07 43 11.75,Gaia DR2 3901145183236527872,Hollands 2017,6014,He,5,-8.9,0.2,-7.3,0.2,,2.61,,John: Core-rich,TRUE,TRUE,TRUE,,,,TRUE,FALSE,FALSE
SDSSJ1230+3143,12 30 24.02,31 43 39.34,Gaia DR2 4012552339927419520,Hollands 2017,6310,He,3,-9.6,0.3,-8.3,0.3,,,,,FALSE,FALSE,FALSE,,,,FALSE,FALSE,FALSE
SDSSJ1234+5208,12 34 15.31,52 08 07.26,Gaia DR2 1568852322304497280,Hollands 2017,7627,He,6,-7.5,0.1,-6.3,0.1,,3.06,,John: Core-rich,TRUE,TRUE,TRUE,,,,TRUE,FALSE,FALSE
SDSSJ1238+2149,12 38 26.88,21 49 37.32,Gaia DR2 3955605402909063552,Hollands 2017,5437,He,4,-8.9,0.3,-7.9,0.3,,,,,FALSE,FALSE,FALSE,,,,FALSE,FALSE,FALSE
SDSSJ1242+5226,,,Gaia DR2 1569094249222340352,Raddi 2015,13000,He,8,-6.53,0.1,-5.9,0.15,N/A,N/A,TRUE,No evidence of differentiation,TRUE,TRUE,TRUE,N/A,N/A,N/A,FALSE,FALSE,FALSE
SDSSJ1245+0822,12 45 47.11,08 22 31.24,Gaia DR2 3710635414832030976,Hollands 2017,6074,He,4,-8.3,0.2,-7.6,0.2,,,,,FALSE,FALSE,FALSE,,,,FALSE,FALSE,FALSE
SDSSJ1254+3551,12 54 54.97,35 51 45.51,Gaia DR2 1516793058069558784,Hollands 2017,6417,He,3,-9.7,0.2,-8.1,0.2,,,,,FALSE,FALSE,FALSE,,,,FALSE,FALSE,FALSE
SDSSJ1257-0310,12 57 20.84,-03 10 25.84,Gaia DR2 3679339946651290240,Hollands 2017,6269,He,3,-8.6,0.1,-7.4,0.2,,,,,FALSE,FALSE,FALSE,,,,FALSE,FALSE,FALSE
SDSSJ1257+3238,12 57 10.13,32 38 48.57,n/a (SDSS J125710.13+323848.5),Hollands 2017,5376,He,3,-8.8,0.2,-7.6,0.4,,,,,FALSE,FALSE,FALSE,,,,FALSE,FALSE,FALSE
SDSSJ1259+3112,12 59 22.05,31 12 14.49,Gaia DR2 1465529324856790656,Hollands 2017,5664,He,3,-9.8,0.3,-8.6,0.4,,,,,FALSE,FALSE,FALSE,,,,FALSE,FALSE,FALSE
SDSSJ1259+4729,12 59 45.37,47 29 52.87,Gaia DR2 1554975145532543744,Hollands 2017,5682,He,3,-9.8,0.4,-8.7,0.5,,,,,FALSE,FALSE,FALSE,,,,FALSE,FALSE,FALSE
SDSSJ1303+4055,13 03 28.05,40 55 45.80,Gaia DR2 1527325967146769664,Hollands 2017,6481,He,3,-8.7,0.3,-7.9,0.3,,,,,FALSE,FALSE,FALSE,,,,FALSE,FALSE,FALSE
SDSSJ1308+0258,13 08 30.04,02 58 44.01,Gaia DR2 3692444991382179072,Hollands 2017,6003,He,3,-9.3,0.2,-7.8,0.2,,,,,FALSE,FALSE,FALSE,,,,FALSE,FALSE,FALSE
SDSSJ1308+0957,13 08 26.34,09 57 23.95,Gaia DR2 3735751868182285312,Hollands 2017,7692,He,3,-8.1,0.2,-6.9,0.3,,,,,FALSE,FALSE,FALSE,,,,FALSE,FALSE,FALSE
SDSSJ1314+3748,13 14 20.43,37 48 06.63,Gaia DR2 1522822577973910016,Hollands 2017,6201,He,4,-8.2,0.4,-7.1,0.4,,,,,FALSE,FALSE,FALSE,,,,FALSE,FALSE,FALSE
SDSSJ1316+1918,13 16 12.90,19 18 06.17,Gaia DR2 3939694335783773696,Hollands 2017,5160,He,3,-10.3,0.4,-9.2,0.5,,,,,FALSE,FALSE,FALSE,,,,FALSE,FALSE,FALSE
SDSSJ1319+3641,13 19 00.20,36 41 49.81,Gaia DR2 1474478765391306368,Hollands 2017,7464,He,3,-8.6,0.3,-7.4,0.3,,,,,FALSE,FALSE,FALSE,,,,FALSE,FALSE,FALSE
SDSSJ1320+0204,13 20 05.54,02 04 19.12,Gaia DR2 3688377657353004032,Hollands 2017,7356,He,3,-8.3,0.3,-7.1,0.3,,,,,FALSE,FALSE,FALSE,,,,FALSE,FALSE,FALSE
SDSSJ1321-0237,13 21 43.95,-02 37 51.86,Gaia DR2 3638091080740030336,Hollands 2017,5592,He,5,-8.7,0.3,-7.3,0.3,,N/A,,,TRUE,TRUE,TRUE,,,,FALSE,FALSE,FALSE
SDSSJ1329+1301,13 29 41.73,13 01 31.48,Gaia DR2 3739809925082831104,Hollands 2017,6706,He,3,-8.9,0.2,-8,0.3,,,,,FALSE,FALSE,FALSE,,,,FALSE,FALSE,FALSE
SDSSJ1330+3029,13 30 58.84,30 29 52.06,Gaia DR2 1468213546275054208,Hollands 2017,6100,He,7,-8.4,0.05879642863,-7.3,0.05879642863,,,,,TRUE,FALSE,FALSE,,,,FALSE,FALSE,FALSE
SDSSJ1330+6435,,,Gaia DR2 1666074615061406336,Hollands 2021,3660,He,2,-10.94,0.36,0,0,,,,,FALSE,FALSE,FALSE,,,,FALSE,FALSE,FALSE
SDSSJ1336+3547,13 36 24.22,35 47 49.88,Gaia DR2 1471788161655374080,Hollands 2017,6172,He,5,-8.9,0.1,-7.9,0.1,,2.71,,John: Core-rich,TRUE,TRUE,TRUE,,,,TRUE,FALSE,FALSE
SDSSJ1339+2643,13 39 06.01,26 43 22.46,Gaia DR2 1445611018884630912,Hollands 2017,6452,He,3,-9,0.2,-8.4,0.2,,,,,FALSE,FALSE,FALSE,,,,FALSE,FALSE,FALSE
SDSSJ1340+2702,13 40 50.32,27 02 18.99,Gaia DR2 1445645279839722368,Hollands 2017,8413,He,4,-7,0.1,-5.6,0.1,,,,,FALSE,FALSE,FALSE,,,,FALSE,FALSE,FALSE
SDSSJ1342+1813,13 42 03.60,18 13 32.82,Gaia DR2 1247729574771529728,Hollands 2017,5524,He,3,-9,0.5,-7.9,0.5,,,,,FALSE,FALSE,FALSE,,,,FALSE,FALSE,FALSE
SDSSJ1345+1153,13 45 20.90,11 53 58.59,Gaia DR2 3728178127148086784,Hollands 2017,6000,He,4,-8.1,0.1,-6.9,0.2,,,,,FALSE,FALSE,FALSE,,,,FALSE,FALSE,FALSE
SDSSJ1347+1415,13 47 11.46,14 15 27.94,Gaia DR2 3740936580903900160,Hollands 2017,6520,He,3,-8.6,0.2,-7.3,0.2,,,,,FALSE,FALSE,FALSE,,,,FALSE,FALSE,FALSE
SDSSJ1350+1058,13 50 54.00,10 58 07.42,Gaia DR2 3727077099396496000,Hollands 2017,5176,He,3,-9.5,0.3,-8.3,0.5,,,,,FALSE,FALSE,FALSE,,,,FALSE,FALSE,FALSE
SDSSJ1351+2645,13 51 23.83,26 45 46.28,Gaia DR2 1450680729561299840,Hollands 2017,5640,He,3,-8.5,0.2,-7.8,0.3,,,,,FALSE,FALSE,FALSE,,,,FALSE,FALSE,FALSE
SDSSJ1356+0236,13 56 54.04,02 36 41.28,Gaia DR2 3664591647431946240,Hollands 2017,7662,He,3,-8,0.1,-6.7,0.2,,,,,FALSE,FALSE,FALSE,,,,FALSE,FALSE,FALSE
SDSSJ1356+2416,13 56 32.69,24 16 05.06,Gaia DR2 1257923215792065152,Hollands 2017,6173,He,3,-9.1,0.2,-8.2,0.2,,,,,FALSE,FALSE,FALSE,,,,FALSE,FALSE,FALSE
SDSSJ1401+3659,14 01 37.30,36 59 09.31,Gaia DR2 1483683911099065088,Hollands 2017,5931,He,3,-10.1,0.1,-9.2,0.3,,,,,FALSE,FALSE,FALSE,,,,FALSE,FALSE,FALSE
SDSSJ1404+3620,14 04 10.57,36 20 55.85,Gaia DR2 1483427385588999936,Hollands 2017,6284,He,3,-8.7,0.1,-8.3,0.2,,,,,FALSE,FALSE,FALSE,,,,FALSE,FALSE,FALSE
SDSSJ1405+1549,14 05 57.01,15 49 40.29,Gaia DR2 1231399834234447488,Hollands 2017,7055,He,4,-8.5,0.1,-7.3,0.1,,,,,FALSE,FALSE,FALSE,,,,FALSE,FALSE,FALSE
SDSSJ1405+2542,14 05 25.22,25 42 12.12,Gaia DR2 1258405042403561984,Hollands 2017,5890,He,3,-9.5,0.4,-8.4,0.5,,,,,FALSE,FALSE,FALSE,,,,FALSE,FALSE,FALSE
SDSSJ1411+3410,14 11 40.26,34 10 40.12,Gaia DR2 1479231236900790144,Hollands 2017,5500,He,5,-8.3,0.4,-7.1,0.5,,N/A,,,TRUE,TRUE,TRUE,,,,FALSE,FALSE,FALSE
SDSSJ1421+1843,14 21 20.10,18 43 51.48,Gaia DR2 1239668986308981632,Hollands 2017,6517,He,3,-8.5,0.1,-7.3,0.2,,,,,FALSE,FALSE,FALSE,,,,FALSE,FALSE,FALSE
SDSSJ1428+4403,14 28 33.92,44 03 43.11,Gaia DR2 1494157691363079168,Hollands 2017,6574,He,3,-9.5,0.1,-8.9,0.2,,,,,FALSE,FALSE,FALSE,,,,FALSE,FALSE,FALSE
SDSSJ1429+3841,14 29 39.35,38 41 13.21,Gaia DR2 1487653182435218048,Hollands 2017,5636,He,3,-10.3,0.2,-9.2,0.5,,,,,FALSE,FALSE,FALSE,,,,FALSE,FALSE,FALSE
SDSSJ1430-0151,14 30 07.10,-01 51 29.40,Gaia DR2 3649553970495586432,Hollands 2017,6344,He,6,-7.6,0.1,-6.4,0.1,,N/A,,,TRUE,TRUE,TRUE,,,,FALSE,FALSE,FALSE
SDSSJ1443+3014,14 43 54.13,30 14 13.42,n/a (SDSS J144354.13+301413.37),Hollands 2017,6955,He,3,-8.1,0.3,-7.1,0.2,,,,,FALSE,FALSE,FALSE,,,,FALSE,FALSE,FALSE
SDSSJ1443+5833,14 43 01.55,58 33 01.66,n/a (SDSS J144301.55+583301.66),Hollands 2017,7061,He,3,-8.5,0.2,-7.3,0.2,,,,,FALSE,FALSE,FALSE,,,,FALSE,FALSE,FALSE
SDSSJ1445+0913,14 45 35.04,09 13 40.48,n/a ( SDSS J144535.03+091340.4),Hollands 2017,7035,He,4,-7.7,0.2,-6.6,0.2,,,,,FALSE,FALSE,FALSE,,,,FALSE,FALSE,FALSE
SDSSJ1448+1047,14 48 04.52,10 47 08.53,Gaia DR2 1175204104176381696,Hollands 2017,6331,He,3,-9.1,0.2,-7.8,0.2,,,,,FALSE,FALSE,FALSE,,,,FALSE,FALSE,FALSE
SDSSJ1500+2315,15 00 28.03,23 15 54.04,n/a (SDSS J150028.02+231554.0),Hollands 2017,6630,He,3,-8.2,0.4,-7,0.4,,,,,FALSE,FALSE,FALSE,,,,FALSE,FALSE,FALSE
SDSSJ1502+3744,15 02 28.76,37 44 51.82,Gaia DR2 1295063619067459712,Hollands 2017,5525,He,3,-10.1,0.2,-8.9,0.5,,,,,FALSE,FALSE,FALSE,,,,FALSE,FALSE,FALSE
SDSSJ1507+4034,15 07 39.039,40 34 08.83,Gaia DR2 1392018829282234112,Hollands 2017,7304,He,3,-8,0.2,-6.8,0.2,,,,,FALSE,FALSE,FALSE,,,,FALSE,FALSE,FALSE
SDSSJ1518+0506,15 18 35.62,05 06 27.97,Gaia DR2 1156006287558141056,Hollands 2017,5187,He,3,-9.3,0.2,-8.7,0.3,,,,,FALSE,FALSE,FALSE,,,,FALSE,FALSE,FALSE
SDSSJ1524+4049,15 24 49.61,40 49 38.09,Gaia DR2 1389075921987168512,Hollands 2017,6203,He,5,-8.4,0.1,-7.5,0.2,,N/A,,,TRUE,TRUE,TRUE,,,,FALSE,FALSE,FALSE
SDSSJ1534+1242,15 34 07.59,12 42 54.41,n/a (SDSS J153407.58+124254.4),Hollands 2017,6197,He,3,-7.9,0.3,-6.7,0.3,,,,,FALSE,FALSE,FALSE,,,,FALSE,FALSE,FALSE
SDSSJ1535+1247,15 35 05.63,12 47 42.41,Gaia DR2 1193520666521113344,Hollands 2017,5950,He,7,-8.6,0.1,-7.5,0.1,,N/A,,,TRUE,TRUE,TRUE,,,,FALSE,FALSE,FALSE
SDSSJ1537+3608,15 37 45.50,36 08 18.66,Gaia DR2 1374654826261163520,Hollands 2017,5519,He,3,-9.8,0.3,-8.6,0.5,,,,,FALSE,FALSE,FALSE,,,,FALSE,FALSE,FALSE
SDSSJ1540+5352,15 40 22.844,53 52 39.100,Gaia DR2 1597800784131612032,Hollands 2017,6500,He,3,-8.7,0.3,-7.5,0.3,,,,,FALSE,FALSE,FALSE,,,,FALSE,FALSE,FALSE
SDSSJ1542+4650,15 42 01.72,46 50 20.75,Gaia DR2 1400829525199398912,Hollands 2017,6130,He,4,-8.1,0.2,-6.9,0.1,,,,,FALSE,FALSE,FALSE,,,,FALSE,FALSE,FALSE
SDSSJ1543+2024,15 43 49.743,20 24 43.097,Gaia DR2 1216100683985758336,Hollands 2017,6206,He,3,-8.7,0.2,-7.6,0.4,,,,,FALSE,FALSE,FALSE,,,,FALSE,FALSE,FALSE
SDSSJ1545+5236,15 45 10.27,52 36 18.79,Gaia DR2 1596740644469446656,Hollands 2017,6068,He,3,-8.9,0.1,-8,0.2,,,,,FALSE,FALSE,FALSE,,,,FALSE,FALSE,FALSE
SDSSJ1546+3009,15 46 25.33,30 09 46.21,Gaia DR2 1321060987390596096,Hollands 2017,6600,He,5,-8.4,0.1169653967,-7.19,0.1169653967,,,,,TRUE,FALSE,FALSE,,,,FALSE,FALSE,FALSE
SDSSJ1549+1906,15 49 33.252,19 06 46.239,Gaia DR2 1203714857297284096,Hollands 2017,6246,He,3,-8.7,0.2,-7.3,0.3,,,,,FALSE,FALSE,FALSE,,,,FALSE,FALSE,FALSE
SDSSJ1549+2633,15 49 13.48,26 33 00.65,Gaia DR2 1223368966945806848,Hollands 2017,6794,He,3,-9.6,0.2,-8,0.2,,,,,FALSE,FALSE,FALSE,,,,FALSE,FALSE,FALSE
SDSSJ1554+1735,15 54 29.01,17 35 44.28,Gaia DR2 1202552914026910976,Hollands 2017,6847,He,4,-8.4,0.1,-7.6,0.1,,,,,FALSE,FALSE,FALSE,,,,FALSE,FALSE,FALSE
SDSSJ1604+1830,16 04 29.79,18 30 34.85,Gaia DR2 1200053822878445056,Hollands 2017,6421,He,3,-9.6,0.1,-8.5,0.3,,,,,FALSE,FALSE,FALSE,,,,FALSE,FALSE,FALSE
SDSSJ1610+4006,16 10 26.12,40 06 19.47,Gaia DR2 1379964677148452736,Hollands 2017,6552,He,3,-8.7,0.3,-7.2,0.2,,,,,FALSE,FALSE,FALSE,,,,FALSE,FALSE,FALSE
SDSSJ1612+3534,16 12 48.17,35 34 34.87,n/a ( SDSS J161248.17+353434.8),Hollands 2017,7181,He,3,-8.5,0.5,-7.3,0.5,,,,,FALSE,FALSE,FALSE,,,,FALSE,FALSE,FALSE
SDSSJ1616+3303,16 16 02.99,33 03 01.88,Gaia DR2 1322623152896019328,Hollands 2017,6491,He,3,-8.2,0.1,-7.1,0.2,,,,,FALSE,FALSE,FALSE,,,,FALSE,FALSE,FALSE
SDSSJ1624+3310,16 24 08.593,33 10 18.649,Gaia DR2 1325627224820450048,Hollands 2017,6654,He,3,-9.2,0.3,-8,0.4,,,,,FALSE,FALSE,FALSE,,,,FALSE,FALSE,FALSE
SDSSJ1626+3303,16 26 12.72,33 03 08.14,Gaia DR2 1325449447535194624,Hollands 2017,6715,He,3,-8.6,0.2,-7.5,0.3,,,,,FALSE,FALSE,FALSE,,,,FALSE,FALSE,FALSE
SDSSJ1627+4646,16 27 03.32,46 46 57.85,Gaia DR2 1410054324670763904,Hollands 2017,6000,He,3,-9.4,0.5,-8.3,0.5,,,,,FALSE,FALSE,FALSE,,,,FALSE,FALSE,FALSE
SDSSJ1636+1619,16 36 01.30,16 19 06.38,Gaia DR2 4465939601772584448,Hollands 2017,4410,He,3,-9.5,0.1,-8.3,1,,,,,FALSE,FALSE,FALSE,,,,FALSE,FALSE,FALSE
SDSSJ1641+1856,16 41 04.99,18 56 02.49,Gaia DR2 4562675699936729216,Hollands 2017,5470,He,3,-10.4,0.2,-9.9,0.3,,,,,FALSE,FALSE,FALSE,,,,FALSE,FALSE,FALSE
SDSSJ1649+2238,16 49 39.23,22 38 07.53,Gaia DR2 4565805356705582976,Hollands 2017,5261,He,4,-8.4,0.2,-7.4,0.2,,,,,FALSE,FALSE,FALSE,,,,FALSE,FALSE,FALSE
SDSSJ1706+2541,17 06 38.13,25 41 11.96,Gaia DR2 4573010422043171328,Hollands 2017,5813,He,3,-10.1,0.3,-9,0.5,,,,,FALSE,FALSE,FALSE,,,,FALSE,FALSE,FALSE
SDSSJ2047-1259,,,Gaia DR2 6888044253249541120,Hoskin 2020,17970,He,7,-6.9,0.1,-6.4,0.2,N/A,N/A,TRUE,No evidence of differentiation,TRUE,TRUE,TRUE,N/A,N/A,N/A,FALSE,FALSE,FALSE
SDSSJ2109-0039,21 09 16.54,-00 39 22.11,Gaia DR2 2689160181727792512,Hollands 2017,6132,He,3,-8.8,0.5,-7.6,0.4,,,,,FALSE,FALSE,FALSE,,,,FALSE,FALSE,FALSE
SDSSJ2110+0512,21 10 45.34,05 12 14.80,Gaia EDR3 1733354831076739968,Hollands 2017,5828,He,3,-9.4,0.5,-8.3,0.5,,,,,FALSE,FALSE,FALSE,,,,FALSE,FALSE,FALSE
SDSSJ2123+0016,21 23 12.28,00 16 53.95,Gaia DR2 2690911738111175936,Hollands 2017,5463,He,4,-9.6,0.2,-8.4,0.4,,,,,FALSE,FALSE,FALSE,,,,FALSE,FALSE,FALSE
SDSSJ2157+1206,21 57 52.31,12 06 02.71,Gaia DR2 2728434462194932352,Hollands 2017,6042,He,4,-9.1,0.1,-8.1,0.1,,,,,FALSE,FALSE,FALSE,,,,FALSE,FALSE,FALSE
SDSSJ2225+2338,22 25 03.73,23 38 54.70,Gaia DR2 1878579387730218112,Hollands 2017,6029,He,3,-9.3,0.1,-8.4,0.1,,,,,FALSE,FALSE,FALSE,,,,FALSE,FALSE,FALSE
SDSSJ2230+1905,22 30 14.70,19 05 14.50,Gaia DR2 2738160776413663872,Hollands 2017,5631,He,5,-8.5,0.3,-7.1,0.2,,1.19,,John: Core-rich,TRUE,TRUE,TRUE,,,,TRUE,FALSE,FALSE
SDSSJ2231+0906,22 31 01.16,09 06 33.84,Gaia DR2 2711092621203766912,Hollands 2017,5679,He,3,-9.9,0.1,-9,0.2,,,,,FALSE,FALSE,FALSE,,,,FALSE,FALSE,FALSE
SDSSJ2235-0056,22 35 07.64,-00 56 08.43,Gaia DR2 2653766215235009152,Hollands 2017,6514,He,3,-8.4,0.2,-7.2,0.2,,,,,FALSE,FALSE,FALSE,,,,FALSE,FALSE,FALSE
SDSSJ2238-0113,22 38 15.94,-01 13 37.43,Gaia DR2 2652983573409260800,Hollands 2017,6228,He,3,-9.4,0.2,-8,0.2,,,,,FALSE,FALSE,FALSE,,,,FALSE,FALSE,FALSE
SDSSJ2238+0213,22 38 11.11,02 13 52.94,Gaia DR2 2702895074823862784,Hollands 2017,6986,He,3,-8.6,0.2,-7.5,0.2,,,,,FALSE,FALSE,FALSE,,,,FALSE,FALSE,FALSE
SDSSJ2304+2415,23 04 14.44,24 15 53.01,Gaia DR2 2842312874347797632,Hollands 2017,5102,He,3,-9.2,0.2,-8.9,0.2,,,,,FALSE,FALSE,FALSE,,,,FALSE,FALSE,FALSE
SDSSJ2319+3018,23 19 37.41,30 18 48.45,Gaia DR2 2870363305758068480,Hollands 2017,7478,He,3,-8.5,0.3,-7.3,0.3,,,,,FALSE,FALSE,FALSE,,,,FALSE,FALSE,FALSE
SDSSJ2328+0830,23 28 33.32,08 30 28.43,n/a (SDSS J232833.31+083028.3),Hollands 2017,5566,He,3,-9,0.3,-7.8,0.4,,,,,FALSE,FALSE,FALSE,,,,FALSE,FALSE,FALSE
SDSSJ2330+2805,23 30 54.33,28 05 17.32,Gaia DR2 2865936671944556160,Hollands 2017,6344,He,3,-9.3,0.2,-8.1,0.4,,,,,FALSE,FALSE,FALSE,,,,FALSE,FALSE,FALSE
SDSSJ2333+1058,23 33 20.38,10 58 30.19,n/a (SDSS J233320.38+105830.2),Hollands 2017,6515,He,4,-8.7,0.3,-7.6,0.4,,,,,FALSE,FALSE,FALSE,,,,FALSE,FALSE,FALSE
SDSSJ2340+0124,23 40 34.66,01 24 16.96,Gaia DR2 2646118355949741440,Hollands 2017,6072,He,3,-8.8,0.1,-8,0.2,,,,,FALSE,FALSE,FALSE,,,,FALSE,FALSE,FALSE
SDSSJ2340+0817,23 40 48.82,08 17 53.55,Gaia DR2 2758086538448464512,Hollands 2017,6151,He,3,-8.7,0.2,-7.2,0.3,,,,,FALSE,FALSE,FALSE,,,,FALSE,FALSE,FALSE
SDSSJ2343-0010,23 43 07.73,-00 10 16.49,Gaia DR2 2642621084339810560,Hollands 2017,5778,He,3,-9.6,0.3,-8.5,0.5,,,,,FALSE,FALSE,FALSE,,,,FALSE,FALSE,FALSE
SDSSJ2352+1922,23 52 24.294,19 22 47.184,Gaia DR2 2822402990807217664,Hollands 2017,6067,He,3,-8.3,0.2,-7.2,0.3,,,,,FALSE,FALSE,FALSE,,,,FALSE,FALSE,FALSE
SDSSJ2352+3344,23 52 49.13,33 44 39.22,Gaia DR2 2874949128239906304,Hollands 2017,7200,He,3,-8.3,0.2,-7.1,0.3,,,,,FALSE,FALSE,FALSE,,,,FALSE,FALSE,FALSE
SDSSJ2357+2348,23 57 15.055,23 48 48.734,Gaia DR2 2848380911518829696,Hollands 2017,6117,He,3,-9.2,0.1,-7.8,0.3,,,,,FALSE,FALSE,FALSE,,,,FALSE,FALSE,FALSE
WD0107-192,,,Gaia DR2 2354670057156360576,Xu 2019,15440,H,1,-7.77,0.2,<-4.7,0,,,,,FALSE,FALSE,FALSE,,,,FALSE,FALSE,FALSE
WD0122-227,01 24 44.80,-22 29 07.17,Gaia DR2 5043015122810735744,Swan 2019,8380,He,3,-10.1,0.1,-8.5,0.2,0.569555131,2.21894631,TRUE,Pressure unconstrained,FALSE,FALSE,FALSE,0.196315093,0.1887355207,0.09679348737,TRUE,FALSE,FALSE
WD0307+077,,,Gaia DR2 13611477211053824,Xu 2019,10230,H,2,-7.1,0.14,<-6.3,0,,,,,FALSE,FALSE,FALSE,,,,FALSE,FALSE,FALSE
WD0446-255,04 49 01.40,-25 26 36.41,Gaia DR2 4881758307940843008,Swan 2019,10120,He,10,-7.4,0.1,-6.9,0.1,0.05387704231,2.636372544,TRUE,Favours high pressure mantle-rich,TRUE,TRUE,TRUE,0.01928233821,0.02031450313,0.1507852379,FALSE,TRUE,FALSE
WD0449-259,04 51 53.71,-25 49 14.85,Gaia DR2 4881672923991046400,Swan 2019,9850,He,6,-9.1,0.1,-7.9,0.2,0.6463047075,3.587200646,TRUE,"Low pressure core-rich, with some degeneracy",TRUE,TRUE,TRUE,0.2332173538,0.1779689255,0.06952332313,TRUE,FALSE,FALSE
WD0611-6931,,,Gaia DR2 5279484614703730944,Laura,17750,H,4,-6.185814805,0.1,-3.769590378,0.1,,,,,FALSE,FALSE,FALSE,,,,FALSE,FALSE,FALSE
WD1145+017,11 48 33.58,01 28 59.36,Gaia DR2 3796414192429498880,Fortin-Archambault 2020,14500,He,10,-7,0.2,-5.61,0.2,N/A,N/A,TRUE,No evidence of differentiation,TRUE,TRUE,TRUE,N/A,N/A,N/A,FALSE,FALSE,FALSE
WD1145+288,,,Gaia DR2 4019789359821201536,Xu 2019,12140,H,3,-6.88,0.08,-5.43,0.2,0.4812557595,1.466418653,TRUE,Pressure unconstrained,FALSE,FALSE,FALSE,0.1506416957,0.1363987876,0.1551307778,TRUE,FALSE,FALSE
WD1150-153,,,Gaia DR2 3571559292842744960,Xu 2019,12640,H,2,-7.03,0.2,<-5.7,0,,,,,FALSE,FALSE,FALSE,,,,FALSE,FALSE,FALSE
WD1226+110,,,Gaia DR2 3904415787947492096,Xu 2019,23510,H,3,-5.26,0.16,<-4.5,0,,,,,FALSE,FALSE,FALSE,,,,FALSE,FALSE,FALSE
WD1232+563,12 34 32.54,56 06 43.03,Gaia DR2 1571584539980588544,Xu 2019,11787,He,7,-7.69,0.05,-6.45,0.11,N/A,N/A,TRUE,No evidence of differentiation,TRUE,TRUE,TRUE,N/A,N/A,N/A,FALSE,FALSE,FALSE
WD1341+036,,,Gaia DR2 3713387458076349568,Xu 2019,26420,H,0,<-4.5,0,<-4.5,0,,,,,FALSE,FALSE,FALSE,,,,FALSE,FALSE,FALSE
WD1350-162,13 53 34.96,-16 27 06.66,Gaia DR2 6295510766956001024,Swan 2019,11640,He,8,-8.7,0.1,-7.1,0.1,0.4152661973,3.747988111,TRUE,"Low pressure core-rich, with some degeneracy",TRUE,TRUE,TRUE,0.07801240544,0.07976155062,0.09125084798,TRUE,FALSE,FALSE
WD1425+540,14 27 35.57,53 48 30.17,Gaia DR2 1608497864040134016,Xu 2017,14490,He,8,-9.26,0.1,-8.15,0.14,N/A,N/A,TRUE,No evidence of differentiation,TRUE,TRUE,TRUE,N/A,N/A,N/A,FALSE,FALSE,FALSE
WD1536+520,15 37 25.66,51 51 27.10,Gaia DR2 1595298501827000960,Farihi 2016,20800,He,8,-5.28,0.15,-4.5,0.15,N/A,N/A,TRUE,No evidence of differentiation,TRUE,TRUE,TRUE,N/A,N/A,N/A,FALSE,FALSE,FALSE
WD1551+175,15 54 09.06,17 21 23.70,Gaia DR2 1196531988354226560,Xu 2019,14756,He,8,-6.93,0.07,-6.6,0.1,N/A,N/A,TRUE,No evidence of differentiation,TRUE,TRUE,TRUE,N/A,N/A,N/A,FALSE,FALSE,FALSE
WD1622+587,,,Gaia DR2 1623866184737702912,,18850,He,3,-7.682972206,0.2,0,0,,,,,FALSE,FALSE,FALSE,,,,FALSE,FALSE,FALSE
WD2105-820,21 13 18.77,-81 49 18.77,Gaia DR2 6348672845649310464,Swan 2019,10890,H,3,-8.2,0.1,-6,0.2,0.8364649786,4.240774356,TRUE,Low pressure core-rich,FALSE,FALSE,FALSE,0.2571543843,0.1103278026,0.08816183667,TRUE,FALSE,FALSE
WD2115-560,21 19 37.33,-55 50 17.42,Gaia DR2 6462911897617050240,Swan 2019,9600,H,5,-7.4,0.1,-6.4,0.1,N/A,N/A,TRUE,No evidence of differentiation,TRUE,TRUE,TRUE,N/A,N/A,N/A,FALSE,FALSE,FALSE
WD2157-574,22 00 44.97,-57 11 24.20,Gaia DR2 6412251624488840448,Swan 2019,7010,H,6,-8.1,0.1,-7.3,0.1,N/A,N/A,TRUE,No evidence of differentiation,TRUE,TRUE,TRUE,N/A,N/A,N/A,FALSE,FALSE,FALSE
WD2207+121,22 09 34.83,12 23 36.35,Gaia DR2 2727904257071365760,Xu 2019,14752,He,9,-7.4,0.08,-6.46,0.13,N/A,N/A,TRUE,No evidence of differentiation,TRUE,TRUE,TRUE,N/A,N/A,N/A,FALSE,FALSE,FALSE
WD2216-657,22 19 48.81,-65 29 27.49,Gaia DR2 6404417771644764160,Swan 2019,9120,He,4,-9,0.1,-8,0.2,N/A,N/A,TRUE,"No evidence of differentiation, note that model with highest log likelihood does not give a good fit, but another model can fit well (without invoking differentiation)",FALSE,FALSE,FALSE,N/A,N/A,N/A,FALSE,FALSE,FALSE
WD2221-165,,,Gaia DR2 2595728287804350720,Xu 2019,10130,H,2,-7.52,0.15,<-5.9,0,,,,,FALSE,FALSE,FALSE,,,,FALSE,FALSE,FALSE
WD2230-125,,,Gaia DR2 2601689466188247808,Swan 2019,21170,H,1,0,0,<-6,0,,,,,FALSE,FALSE,FALSE,,,,FALSE,FALSE,FALSE
WDJ1644-0449,,,,Kaiser 2020,3830,He,3,-9.5,0.2,0,0,,,,,FALSE,FALSE,FALSE,,,,FALSE,FALSE,FALSE
WDJ1814-7354,,,Gaia DR2 6417955993895552128,Gonzalez Egea 2020,10090,H,3,-7.22,0.15,-6.06,0.19,N/A,N/A,TRUE,No evidence of differentiation,FALSE,FALSE,FALSE,N/A,N/A,N/A,FALSE,FALSE,FALSE
WDJ1824+1213,,,Gaia DR2 4484289866726156160,Hollands 2021,3350,He,2,-10.4,0.14,0,0,,,,,FALSE,FALSE,FALSE,,,,FALSE,FALSE,FALSE
WDJ2317+1830,,,Gaia DR2 2818957013992481280,Hollands 2021,4210,He,2,-10.79,0.12,0,0,,,,,FALSE,FALSE,FALSE,,,,FALSE,FALSE,FALSE
WDJ2356â€“209,,,Gaia DR2 2341622358827194880,Kaiser 2020,4040,He,3,-9.4,0.1,0,0,,,,,FALSE,FALSE,FALSE,,,,FALSE,FALSE,FALSE
NLTT25792,,,Gaia DR2 3549471753507182592,Vennes & Kawka 2013,7903,H,4,-8.07,0.06,-7.16,0.04,,,,,FALSE,FALSE,FALSE,,,,FALSE,FALSE,FALSE
G74-7,,,Gaia DR2 333010327952701696,Vennes & Kawka 2013,7306,H,4,-9.05,0.04,-8.03,0.09,,,,,FALSE,FALSE,FALSE,,,,FALSE,FALSE,FALSE
WD1455+298,,,Gaia DR2 1281989124439286912,Vennes & Kawka 2013,7383,H,3,-9.51,0.03,-8.4,0.08,,,,,FALSE,FALSE,FALSE,,,,FALSE,FALSE,FALSE
WD0354+463,,,Gaia DR2 245807579721338752,Vennes & Kawka 2013,8240,H,4,-8.2,0.03,-7.13,0.11,,,,,FALSE,FALSE,FALSE,,,,FALSE,FALSE,FALSE
WD1257+278,,,Gaia DR2 1460689760003983232,Vennes & Kawka 2013,8609,H,4,-8.38,0.06,-7.47,0.09,,,,,FALSE,FALSE,FALSE,,,,FALSE,FALSE,FALSE
GaiaJ0510+2315Photo,,,Gaia DR2 3415788525598117248,Laura,18720,H,4,-7.101057198,0.1,0,0,,,,,FALSE,FALSE,FALSE,,,,FALSE,FALSE,FALSE
GaiaJ0510+2315Spec,,,Gaia DR2 3415788525598117248,Laura,21700,H,4,-6.314824132,0.1,0,0,,,,,FALSE,FALSE,FALSE,,,,FALSE,FALSE,FALSE
GaiaJ0347+1624Photo,,,Gaia DR2 43629828277884160,Laura,18850,H,3,-6.005990557,0.4019677135,0,0,,,,,FALSE,FALSE,FALSE,,,,FALSE,FALSE,FALSE
GaiaJ0347+1624Spec,,,Gaia DR2 43629828277884160,Laura,21800,H,3,-5.69278523,0.1,0,0,,,,,FALSE,FALSE,FALSE,,,,FALSE,FALSE,FALSE
WD1622+587Photo,,,Gaia DR2 1623866184737702912,Laura,20200,He,3,-7.207536749,0.3809282088,0,0,,,,,FALSE,FALSE,FALSE,,,,FALSE,FALSE,FALSE
WD1622+587Spec,,,Gaia DR2 1623866184737702912,Laura,18850,He,3,-7.682972206,0.3747175117,0,0,,,,,FALSE,FALSE,FALSE,,,,FALSE,FALSE,FALSE
GaiaJ2100+2122Photo,,,Gaia DR2 1837948790953103232,Laura,22000,H,5,-6.653707419,0.1,-5.498296666,0.1,,,,,TRUE,FALSE,FALSE,,,,FALSE,FALSE,FALSE
GaiaJ2100+2122Spec,,,Gaia DR2 1837948790953103232,Laura,25565,H,4,-6.227557574,0.1346596214,-4.964138135,0.1,,,,,FALSE,FALSE,FALSE,,,,FALSE,FALSE,FALSE
SDSSJ0006+2858Photo,,,Gaia DR2 2860923998433585664,Laura,22800,H,3,-6.323192437,0.1,0,0,,,,,FALSE,FALSE,FALSE,,,,FALSE,FALSE,FALSE
SDSSJ0006+2858Spec,,,Gaia DR2 2860923998433585664,Laura,23900,H,3,-6.170845533,0.1,0,0,,,,,FALSE,FALSE,FALSE,,,,FALSE,FALSE,FALSE
GaiaJ0644-0352Photo,,,Gaia DR2 3105360521513256832,Laura,17000,He,8,-7.44378275,0.1778096148,-7.089103206,0.1806854343,,,,,TRUE,FALSE,FALSE,,,,FALSE,FALSE,FALSE
GaiaJ0644-0352Spec,,,Gaia DR2 3105360521513256832,Laura,18350,He,8,-6.739755886,0.1752987077,-6.461667739,0.1566925083,,,,,TRUE,FALSE,FALSE,,,,FALSE,FALSE,FALSE
WD0611-6931Spec,,,Gaia DR2 5279484614703730944,Laura,17750,H,3,-6.185814805,0.1,<-3.77,0,,,,,FALSE,FALSE,FALSE,,,,FALSE,FALSE,FALSE
SDSSJ0956+5912,,,Gaia DR2 1049598202217308160,Hollands 2021b,8100,He,8,-7.3,0.05,-6.9,0.1,,,,,TRUE,FALSE,FALSE,,,,FALSE,FALSE,FALSE
SDSSJ1038-0036,,,Gaia DR2 3806714593452089856,Hollands 2021b,7560,He,7,-7.6,0.05,-7.4,0.1,,,,,TRUE,FALSE,FALSE,,,,FALSE,FALSE,FALSE
SDSSJ1535+1247,,,Gaia DR2 1193520666521113344,Hollands 2021b,5680,He,9,-8.5,0.05,-7.6,0.1,,,,,TRUE,FALSE,FALSE,,,,FALSE,FALSE,FALSE